2.66,7841615,"/images/14857596084_b0105b8e88_o.jpg
"
2.67,7841615,"/images/14857596084_b0105b8e88_o.jpg
"
2.69,7841615,"/images/14857596084_b0105b8e88_o.jpg
"
2.7,7841615,"/images/14857596084_b0105b8e88_o.jpg
"
2.72,7841615,"/images/14857596084_b0105b8e88_o.jpg
"
2.73,7841615,"/images/14857596084_b0105b8e88_o.jpg
"
2.73,7841615,"/images/14857596084_b0105b8e88_o.jpg
"
2.73,7841615,"/images/14857596084_b0105b8e88_o.jpg
"
2.74,7841615,"/images/14857596084_b0105b8e88_o.jpg
"
2.74,7841615,"/images/14857596084_b0105b8e88_o.jpg
"
